{
    "page": {
        "0": {
            "name": "home",
            "caption": "Home",
            "titleInBrowser": "Home Page",
            "content": "<div class=\"data-control-id-1391054 bd-htmlcontent-1 bd-margins\" @if (page.template !== 'blogTemplate.html') { data-page-id=\"@(page.id)\" }>\n    <section class=\"data-control-id-2161620 bd-section-1 bd-page-width bd-tagstyles \" id=\"section4\" data-section-title=\"Law Three Columns\">\n    <div class=\"bd-container-inner bd-margins clearfix\">\n        <div class=\"data-control-id-2161644 bd-layoutcontainer-6 bd-page-width  bd-columns bd-no-margins\">\n    <div class=\"bd-container-inner\">\n        <div class=\"container-fluid\">\n            <div class=\"row \n bd-row-flex \n bd-row-align-top\">\n                <div class=\"data-control-id-2161654 bd-columnwrapper-10 \n col-sm-4\">\n    <div class=\"bd-layoutcolumn-10 bd-column\" ><div class=\"bd-vertical-align-wrapper\"><h2 class=\"data-control-id-2161660 bd-textblock-4 bd-content-element\">\n    13+&nbsp; only\n</h2>\n\t\n\t\t<div class=\"data-control-id-2161664 bd-spacer-2 clearfix\"></div>\n\t\n\t\t<p class=\"data-control-id-2161668 bd-textblock-10 bd-content-element\">\n    Because we need older members but not over 21 for the safety of our members.&nbsp;\n</p></div></div>\n</div>\n\t\n\t\t<div class=\"data-control-id-2161673 bd-columnwrapper-14 \n col-sm-4\">\n    <div class=\"bd-layoutcolumn-14 bd-column\" ><div class=\"bd-vertical-align-wrapper\"><h2 class=\"data-control-id-2161677 bd-textblock-13 bd-content-element\">\n    BattLe pass giveaways\n</h2>\n\t\n\t\t<div class=\"data-control-id-2161680 bd-spacer-5 clearfix\"></div>\n\t\n\t\t<p class=\"data-control-id-2161683 bd-textblock-15 bd-content-element\">\n    We also do monthly giveaways for battepasses for our members!\n</p></div></div>\n</div>\n\t\n\t\t<div class=\"data-control-id-2161688 bd-columnwrapper-16 \n col-sm-4\">\n    <div class=\"bd-layoutcolumn-16 bd-column\" ><div class=\"bd-vertical-align-wrapper\"><h2 class=\"data-control-id-2161692 bd-textblock-17 bd-content-element\">\n    DM @ORIONCRESPO15 or @KASH_24311\n</h2>\n\t\n\t\t<div class=\"data-control-id-2161695 bd-spacer-7 clearfix\"></div>\n\t\n\t\t<ul class=\"data-control-id-2161698 bd-textblock-19 bd-content-element\">\n    <li>Requirements:&nbsp;</li><li>Must have mic</li><li>must have discord</li><li>must be over level 100</li>\n</ul></div></div>\n</div>\n            </div>\n        </div>\n    </div>\n</div>\n    </div>\n</section>\n</div>",
            "template": "home.html",
            "customHead": "<meta name=\"keywords\" content=\"HTML, CSS, JavaScript\">\n",
            "customCss": "a {\n  transition: color 250ms linear;\n}\n",
            "showInHMenu": true,
            "showInVMenu": true,
            "parent": "",
            "order": 0
        },
        "12": {
            "caption": "About",
            "content": "<div class=\"data-control-id-2134120 bd-htmlcontent-8 bd-margins\" @if (page.template !== 'blogTemplate.html') { data-page-id=\"@(page.id)\" }>\n    <section class=\"data-control-id-2136214 bd-section-3 bd-tagstyles\" id=\"section7\" data-section-title=\"Container Plus Image Below\">\n    <div class=\"bd-container-inner bd-margins clearfix\">\n        <div class=\"data-control-id-2136256 bd-layoutbox-7 bd-no-margins clearfix\">\n    <div class=\"bd-container-inner\">\n        <h1 class=\"data-control-id-2136278 bd-textblock-3 bd-content-element\">\n    About\n</h1>\n\t\n\t\t<div class=\"bd-separator-3 data-control-id-2136345 bd-separator-center bd-separator-content-center clearfix\" >\n    <div class=\"bd-container-inner\">\n        <div class=\"bd-separator-inner\">\n            \n        </div>\n    </div>\n</div>\n\t\n\t\t<p class=\"data-control-id-2136364 bd-textblock-5 bd-content-element\">\n    Maecenas maximus dolor leo, eget gravida leo tristique auctor. Mauris maximus in justo vel lacinia. Lorem ipsum dolor sit amet, consectetur adipiscing elit. In hac habitasse platea dictumst. Nullam nec orci justo. Nunc accumsan ultrices metus, a malesuada enim posuere nec.\n</p>\n    </div>\n</div>\n\t\n\t\t<img class=\"bd-imagelink-5 bd-imagescaling bd-imagescaling-2 bd-own-margins bd-imagestyles   data-control-id-2136374\"  src=\"url(741f922d3d482d27219eb250879ff160_billionphotos1201819.jpg)\">\n    </div>\n</section>\n</div>",
            "customCss": "",
            "customHead": "",
            "name": "about",
            "showInHMenu": true,
            "showInVMenu": true,
            "template": "pageTemplate.html",
            "titleInBrowser": "About",
            "author": "BillionThemesAdmin",
            "date": "12/24/2015",
            "parent": "",
            "order": 384
        },
        "13": {
            "caption": "Contacts",
            "content": "<div class=\"data-control-id-2134130 bd-htmlcontent-9 bd-margins\" @if (page.template !== 'blogTemplate.html') { data-page-id=\"@(page.id)\" }>\n    <section class=\"data-control-id-2136583 bd-section-6 bd-tagstyles\" id=\"section4\" data-section-title=\"Map Two Thirds\">\n    <div class=\"bd-container-inner bd-margins clearfix\">\n        <div class=\"data-control-id-2136593 bd-layoutcontainer-5 bd-columns bd-no-margins\">\n    <div class=\"bd-container-inner\">\n        <div class=\"container-fluid\">\n            <div class=\"row \n bd-row-flex \n bd-row-align-middle\">\n                <div class=\"data-control-id-2136600 bd-columnwrapper-7 \n col-sm-8\">\n    <div class=\"bd-layoutcolumn-7 bd-column\" ><div class=\"bd-vertical-align-wrapper\"><div class=\"bd-googlemap-2 bd-own-margins bd-imagestyles data-control-id-2136606\">\n    <div class=\"embed-responsive\" style=\"height: 100%; width: 100%;\">\n        <iframe class=\"embed-responsive-item\"\n                src=\"//maps.google.com/maps?output=embed&q=Saint Louis, MO&z=16&t=m&hl=English\"></iframe>\n    </div>\n</div></div></div>\n</div>\n\t\n\t\t<div class=\"data-control-id-2136612 bd-columnwrapper-11 \n col-sm-4\">\n    <div class=\"bd-layoutcolumn-11 bd-no-margins bd-column\" ><div class=\"bd-vertical-align-wrapper\"><h1 class=\"data-control-id-2136632 bd-textblock-7 bd-content-element\">\n    Contacts\n</h1>\n\t\n\t\t<p class=\"data-control-id-2136651 bd-textblock-9 bd-content-element\">\n    2081 Blane Street<br>\nSaint Louis, MO 63108<br>\n<br>\nP: +1 (123) 456 - 7890<br>\nE: contact@themler.com<br>\n</p></div></div>\n</div>\n            </div>\n        </div>\n    </div>\n</div>\n    </div>\n</section>\n</div>",
            "customCss": "",
            "customHead": "",
            "name": "contacts",
            "showInHMenu": true,
            "showInVMenu": true,
            "template": "pageTemplate.html",
            "titleInBrowser": "Contacts",
            "author": "BillionThemesAdmin",
            "date": "12/24/2015",
            "parent": "",
            "order": 512
        }
    },
    "post": {},
    "templates": {
        "blogTemplate.html": "@{ _templateVersion = '1.0.659' }\n<!DOCTYPE html>\n<html dir=\"ltr\">\n<head>\n    \n\t<script>\n    var themeHasJQuery = !!window.jQuery;\n</script>\n<script type=\"text/javascript\" src=\"@(assets.js)/jquery.js?1.0.659\"></script>\n<script>\n    window._$ = jQuery.noConflict(themeHasJQuery);\n</script>\n    <meta name=\"viewport\" content=\"width=device-width, initial-scale=1.0\">\n<link rel=\"stylesheet\" href=\"@(assets.css)/bootstrap.css?1.0.659\" media=\"screen\" />\n<script type=\"text/javascript\" src=\"@(assets.js)/bootstrap.min.js?1.0.659\"></script>\n<!--[if lte IE 9]>\n<link rel=\"stylesheet\" href=\"@(assets.css)/layout.ie.css?1.0.659\">\n<script src=\"@(assets.js)/layout.ie.js?1.0.659\"></script>\n<![endif]-->\n<link class=\"data-control-id-9\" href='//fonts.googleapis.com/css?family=Open+Sans:300,300italic,regular,italic,600,600italic,700,700italic,800,800italic&subset=latin' rel='stylesheet' type='text/css'>\n<script type=\"text/javascript\" src=\"@(assets.js)/layout.core.js\"></script>\n<script src=\"@(assets.js)/CloudZoom.js?1.0.659\"></script>\n\t\n    <title>@(page.titleInBrowser)</title>\n\t<link rel=\"stylesheet\" href=\"@(assets.css)/style.css?1.0.659\">\n\t<script src=\"@(assets.js)/script.js?1.0.659\"></script>\n    <meta charset=\"utf-8\">\n    \n    \n    @if (page.customHead) { @(page.customHead) }\n    @if (page.customCss) { <style>@(page.customCss)</style> }\n</head>\n<body class=\"data-control-id-55 bootstrap bd-body-5  bd-pagebackground  bd-margins\">\n    <header class=\"data-control-id-936270 bd-headerarea-1 bd-margins\">\n        <div class=\"bd-containereffect-9 container-effect container data-control-id-2165547\">\n<h1 class=\"data-control-id-2165544 bd-textblock-28  bd-content-element\">\n    Enter your text here\n</h1>\n</div>\n\t\n\t\t<div class=\"bd-containereffect-21 container-effect container data-control-id-2165772\">\n<p class=\"data-control-id-2165770 bd-textblock-50  bd-content-element\">\n    Enter your text here\n</p>\n</div>\n\t\n\t\t<div class=\"bd-containereffect-22 container-effect container data-control-id-2165806\">\n<h1 class=\"data-control-id-2165804 bd-textblock-62  bd-content-element\">\n    Enter your text here\n</h1>\n</div>\n</header>\n\t\n\t\t<div class=\"data-control-id-1147717 bd-content-1\">\n    \n    @{\n    var _isBlog = page.storage === 'page',\n        _posts = _isBlog ? posts : [ page ];\n}\n<div class=\"data-control-id-1244 bd-blog-1\">\n    <div class=\"bd-container-inner\">\n        \n        @if (_isBlog) {\n            \n        }\n\n        <div class=\"data-control-id-1090 bd-grid-4 bd-margins\">\n            <div class=\"separated-grid row\">\n                \n                    @for(var j = 0; j < _posts.length; j++) {\n                        @{\n                            var _post = _posts[j],\n                                _pathToPost = _isBlog ? pathToRoot + _post.filePath : '#';\n                        }\n                        <div class=\"separated-item-18 col-md-12 \">\n                            \n                            <div class=\"bd-griditem-18\">\n                                <article class=\"data-control-id-1166 bd-article-2 clearfix\">\n    <h2 class=\"data-control-id-1007 bd-postheader-2\">\n    <a href=\"@(_pathToPost)\">\n        @(_post.caption)\n    </a>\n</h2>\n\t\n\t\t<div class=\"data-control-id-1024989 bd-layoutbox-2 bd-no-margins clearfix\">\n    <div class=\"bd-container-inner\">\n        <div class=\"data-control-id-1017 bd-posticondate-2 bd-no-margins\">\n    <span class=\"data-control-id-1016 bd-icon bd-icon-34\"><span>@(_post.date)</span></span>\n</div>\n\t\n\t\t<div class=\"data-control-id-1026 bd-posticonauthor-3 bd-no-margins\">\n    <a class=\"data-control-id-1025 bd-icon bd-icon-36\"><span>@(_post.author || 'admin')</span></a>\n</div>\n    </div>\n</div>\n\t\n\t\t<div class=\"data-control-id-2131630 bd-postimage-11\">\n    <img class=\"data-control-id-2131629 bd-imagestyles\" @if (_post.image) { src=\"url(@(_post.image))\" }/>\n</div>\n\t\n\t\t<div class=\"data-control-id-234738 bd-postcontent-8 bd-tagstyles bd-custom-blockquotes bd-contentlayout-offset clearfix\">\n    @if (_isBlog) {\n        @{\n            var postContent = BD.Builder.removeDataId(_post.content || '');\n            var sliceEnd = postContent.indexOf('<!-- export:postcut -->');\n            var cuttedContent = postContent.slice(0, sliceEnd === -1 ? undefined : sliceEnd);\n        }\n        @(parse(cuttedContent))\n    } else {\n        <export:content>\n    }\n</div>\n\t\n\t\t<div class=\"data-control-id-1025097 bd-layoutbox-4 bd-no-margins clearfix\">\n    <div class=\"bd-container-inner\">\n        <a class=\"bd-postreadmore-4 bd-button-11 data-control-id-1002005\" href=\"@(_pathToPost)\">Continue reading...</a>\n    </div>\n</div>\n</article>\n                                @if (!_isBlog && _post.comments) {\n                                    <div class=\"data-control-id-1239 bd-comments-1\">\n    <div class=\"bd-container-inner\">\n        <div class=\"data-control-id-1198 bd-container-15 bd-tagstyles bd-custom-blockquotes\">\n            <h2>Comments</h2>\n        </div>\n        @function renderComments(comments) {\n            <ul>\n            @for (var i = 0; i < comments.length; i++) {\n                @{ var _comment = comments[i]; }\n                <li>\n                    <div class=\"data-control-id-1200 bd-comment-1\">\n    <div class=\"data-control-id-1086 bd-layoutcontainer-15 bd-columns bd-no-margins\">\n    <div class=\"bd-container-inner\">\n        <div class=\"container-fluid\">\n            <div class=\"row \">\n                <div class=\"data-control-id-1082 bd-columnwrapper-32 \n col-md-1\">\n    <div class=\"bd-layoutcolumn-32 bd-no-margins bd-column\" ><div class=\"bd-vertical-align-wrapper\"><div class=\"data-control-id-1074 bd-commentavatar-1\">\n    <img class=\"data-control-id-1066 bd-imagestyles\" src=\"\" style=\"height: 50px; width: 50px\">\n</div></div></div>\n</div>\n\t\n\t\t<div class=\"data-control-id-1084 bd-columnwrapper-33 \n col-md-11\">\n    <div class=\"bd-layoutcolumn-33 bd-column\" ><div class=\"bd-vertical-align-wrapper\"><div class=\"data-control-id-1065 bd-commentmetadata-1\">\n    <a href=\"#\">@(_comment.author)</a> on @(_comment.date)\n</div>\n\t\n\t\t<div class=\"data-control-id-1075 bd-commenttext-1\">\n    @(_comment.content)\n</div>\n\t\n\t\t<div class=\"data-control-id-1080 bd-commentreply-1\">\n    <input type=\"submit\" name=\"submit\" class=\"data-control-id-1079 bd-button\" value=\"Reply\">\n</div></div></div>\n</div>\n            </div>\n        </div>\n    </div>\n</div>\n</div>\n                    @if (_comment.children) {\n                        @(renderComments(_comment.children))\n                    }\n                </li>\n            }\n            </ul>\n        }\n        @(renderComments(_post.comments))\n        <div  class=\"data-control-id-1238 bd-commentsform-1\">\n    <div class=\"data-control-id-1232 bd-container-16 bd-tagstyles bd-custom-blockquotes\">\n        <h2>Add comment </h2>\n    </div>\n    <form action=\"#\" method=\"post\">\n        <p>\n            <label for=\"author\" class=\"data-control-id-190269 bd-bootstraplabel\">Author</label>\n            <input class=\"data-control-id-1233 bd-bootstrapinput form-control\" id=\"author\" name=\"author\" type=\"text\" value=\"\" size=\"30\" style=\"width: 255px\">\n        </p>\n        <p>\n            <label for=\"email\" class=\"data-control-id-190269 bd-bootstraplabel\">Email</label>\n            <input class=\"data-control-id-1233 bd-bootstrapinput form-control\" id=\"email\" name=\"email\" type=\"email\" value=\"\" size=\"30\" style=\"width: 255px\">\n        </p>\n        <p>\n            <label for=\"comment\" class=\"data-control-id-190269 bd-bootstraplabel\">Message</label>\n            <textarea class=\"data-control-id-1233 bd-bootstrapinput form-control\" id=\"comment\" name=\"comment\" cols=\"45\" rows=\"8\" aria-required=\"true\" style=\"width: 270px\"></textarea>\n        </p>\n        <p>\n            <input name=\"submit\" class=\"data-control-id-1237 bd-button\" type=\"submit\" value=\"Submit\">\n        </p>\n    </form>\n</div>\n    </div>\n</div>\n                                }\n                            </div>\n                        </div>\n                    }\n            </div>\n        </div>\n        @if (_isBlog) {\n            \n                <div class=\"data-control-id-1128 bd-blogpagination-1\">\n    <ul class=\"data-control-id-1127 bd-pagination-12 pagination\">\n    <li class=\"data-control-id-1126 bd-paginationitem-12 disabled\"><a href=\"#\">Prev</a></li>\n<li class=\"data-control-id-1126 bd-paginationitem-12 active\"><a href=\"#\">1</a></li>\n<li class=\"data-control-id-1126 bd-paginationitem-12\"><a href=\"#\">2</a></li>\n<li class=\"data-control-id-1126 bd-paginationitem-12\"><a href=\"#\">3</a></li>\n<li class=\"data-control-id-1126 bd-paginationitem-12\"><a href=\"#\">4</a></li>\n<li class=\"data-control-id-1126 bd-paginationitem-12\"><a href=\"#\">5</a></li>\n<li class=\"data-control-id-1126 bd-paginationitem-12\"><a href=\"#\">Next</a></li>\n</ul>\n</div>\n        }\n    </div>\n</div>\n</div>\n\t\n\t\t<footer class=\"data-control-id-936277 bd-footerarea-1 bd-margins\">\n        <div class=\"data-control-id-2161590 bd-pagefooter-1\">\n    <div class=\"bd-container-inner\">\n        \n            <a href='http://www.themler.io/html-templates' target=\"_blank\">HTML Template</a> created with <a href='http://themler.io' target=\"_blank\">Themler</a>.\n    </div>\n</div>\n</footer>\n\t\n\t\t<div data-smooth-scroll data-animation-time=\"250\" class=\"data-control-id-520690 bd-smoothscroll-3\"><a href=\"#\" class=\"data-control-id-2787 bd-backtotop-1 \">\n    <span class=\"bd-icon-67 bd-icon data-control-id-2786\"></span>\n</a></div>\n</body>\n</html>\n<!-- 0.6784529766934813 -->",
        "default.html": "@{ _templateVersion = '1.0.659' }\n<!DOCTYPE html>\n<html dir=\"ltr\">\n<head>\n    \n\t<script>\n    var themeHasJQuery = !!window.jQuery;\n</script>\n<script type=\"text/javascript\" src=\"@(assets.js)/jquery.js?1.0.659\"></script>\n<script>\n    window._$ = jQuery.noConflict(themeHasJQuery);\n</script>\n    <meta name=\"viewport\" content=\"width=device-width, initial-scale=1.0\">\n<link rel=\"stylesheet\" href=\"@(assets.css)/bootstrap.css?1.0.659\" media=\"screen\" />\n<script type=\"text/javascript\" src=\"@(assets.js)/bootstrap.min.js?1.0.659\"></script>\n<!--[if lte IE 9]>\n<link rel=\"stylesheet\" href=\"@(assets.css)/layout.ie.css?1.0.659\">\n<script src=\"@(assets.js)/layout.ie.js?1.0.659\"></script>\n<![endif]-->\n<link class=\"data-control-id-9\" href='//fonts.googleapis.com/css?family=Open+Sans:300,300italic,regular,italic,600,600italic,700,700italic,800,800italic&subset=latin' rel='stylesheet' type='text/css'>\n<script type=\"text/javascript\" src=\"@(assets.js)/layout.core.js\"></script>\n<script src=\"@(assets.js)/CloudZoom.js?1.0.659\"></script>\n\t\n    <title>@(page.titleInBrowser)</title>\n\t<link rel=\"stylesheet\" href=\"@(assets.css)/style.css?1.0.659\">\n\t<script src=\"@(assets.js)/script.js?1.0.659\"></script>\n    <meta charset=\"utf-8\">\n    \n    \n    @if (page.customHead) { @(page.customHead) }\n    @if (page.customCss) { <style>@(page.customCss)</style> }\n</head>\n<body class=\"data-control-id-49 bootstrap bd-body-2  bd-pagebackground  bd-margins\">\n    <header class=\"data-control-id-936270 bd-headerarea-1 bd-margins\">\n        <div class=\"bd-containereffect-9 container-effect container data-control-id-2165547\">\n<h1 class=\"data-control-id-2165544 bd-textblock-28  bd-content-element\">\n    Enter your text here\n</h1>\n</div>\n\t\n\t\t<div class=\"bd-containereffect-21 container-effect container data-control-id-2165772\">\n<p class=\"data-control-id-2165770 bd-textblock-50  bd-content-element\">\n    Enter your text here\n</p>\n</div>\n\t\n\t\t<div class=\"bd-containereffect-22 container-effect container data-control-id-2165806\">\n<h1 class=\"data-control-id-2165804 bd-textblock-62  bd-content-element\">\n    Enter your text here\n</h1>\n</div>\n</header>\n\t\n\t\t<div class=\"data-control-id-1243624 bd-stretchtobottom-6 bd-stretch-to-bottom\" data-control-selector=\".bd-contentlayout-2\">\n<div class=\"bd-contentlayout-2  bd-sheetstyles  data-control-id-318 bd-no-margins bd-margins\" >\n    <div class=\"bd-container-inner\">\n\n        <div class=\"bd-flex-vertical bd-stretch-inner bd-contentlayout-offset\">\n            \n <aside class=\"bd-sidebararea-6-column data-control-id-1121261 bd-flex-vertical bd-flex-fixed\">\n    <div class=\"bd-sidebararea-6 bd-flex-wide  bd-margins\">\n        \n        \n        \n    </div>\n</aside>\n            <div class=\"bd-flex-horizontal bd-flex-wide bd-no-margins\">\n                \n <aside class=\"bd-sidebararea-5-column data-control-id-1121259 bd-flex-vertical bd-flex-fixed\">\n    <div class=\"bd-sidebararea-5 bd-flex-wide  bd-contentlayout-offset\">\n        \n        \n        \n    </div>\n</aside>\n                <div class=\"bd-flex-vertical bd-flex-wide bd-no-margins\">\n                    \n\n                    <div class=\"data-control-id-1118911 bd-layoutitemsbox-16 bd-flex-wide bd-no-margins\">\n    <div class=\"data-control-id-369814 bd-content-14\">\n    \n    <export:content>\n</div>\n</div>\n\n                    \n                </div>\n                \n            </div>\n            \n        </div>\n\n    </div>\n</div></div>\n\t\n\t\t<footer class=\"data-control-id-936277 bd-footerarea-1 bd-margins\">\n        <div class=\"data-control-id-2161590 bd-pagefooter-1\">\n    <div class=\"bd-container-inner\">\n        \n            <a href='http://www.themler.io/html-templates' target=\"_blank\">HTML Template</a> created with <a href='http://themler.io' target=\"_blank\">Themler</a>.\n    </div>\n</div>\n</footer>\n\t\n\t\t<div data-smooth-scroll data-animation-time=\"250\" class=\"data-control-id-520690 bd-smoothscroll-3\"><a href=\"#\" class=\"data-control-id-2787 bd-backtotop-1 \">\n    <span class=\"bd-icon-67 bd-icon data-control-id-2786\"></span>\n</a></div>\n</body>\n</html>",
        "home.html": "@{ _templateVersion = '1.0.659' }\n<!DOCTYPE html>\n<html dir=\"ltr\">\n<head>\n    \n\t<script>\n    var themeHasJQuery = !!window.jQuery;\n</script>\n<script type=\"text/javascript\" src=\"@(assets.js)/jquery.js?1.0.659\"></script>\n<script>\n    window._$ = jQuery.noConflict(themeHasJQuery);\n</script>\n    <meta name=\"viewport\" content=\"width=device-width, initial-scale=1.0\">\n<link rel=\"stylesheet\" href=\"@(assets.css)/bootstrap.css?1.0.659\" media=\"screen\" />\n<script type=\"text/javascript\" src=\"@(assets.js)/bootstrap.min.js?1.0.659\"></script>\n<!--[if lte IE 9]>\n<link rel=\"stylesheet\" href=\"@(assets.css)/layout.ie.css?1.0.659\">\n<script src=\"@(assets.js)/layout.ie.js?1.0.659\"></script>\n<![endif]-->\n<link class=\"data-control-id-9\" href='//fonts.googleapis.com/css?family=Open+Sans:300,300italic,regular,italic,600,600italic,700,700italic,800,800italic&subset=latin' rel='stylesheet' type='text/css'>\n<script type=\"text/javascript\" src=\"@(assets.js)/layout.core.js\"></script>\n<script src=\"@(assets.js)/CloudZoom.js?1.0.659\"></script>\n\t\n    <title>@(page.titleInBrowser)</title>\n\t<link rel=\"stylesheet\" href=\"@(assets.css)/style.css?1.0.659\">\n\t<script src=\"@(assets.js)/script.js?1.0.659\"></script>\n    <meta charset=\"utf-8\">\n    \n    \n    @if (page.customHead) { @(page.customHead) }\n    @if (page.customCss) { <style>@(page.customCss)</style> }\n</head>\n<body class=\"data-control-id-13 bootstrap bd-body-1 \n bd-homepage bd-pagebackground-3  bd-margins\">\n    <div class=\"bd-containereffect-23 container-effect container data-control-id-2165888\">\n<h1 class=\"data-control-id-2165612 bd-textblock-45  bd-content-element\">\n    Join Our Clan today!&nbsp;&nbsp;\n</h1>\n</div>\n\t\n\t\t<div class=\"data-control-id-369604 bd-content-13\">\n    \n    <export:content>\n</div>\n\t\n\t\t<footer class=\"data-control-id-936277 bd-footerarea-1 bd-margins\">\n        <div class=\"data-control-id-2161590 bd-pagefooter-1\">\n    <div class=\"bd-container-inner\">\n        \n            <a href='http://www.themler.io/html-templates' target=\"_blank\">HTML Template</a> created with <a href='http://themler.io' target=\"_blank\">Themler</a>.\n    </div>\n</div>\n</footer>\n\t\n\t\t<div data-smooth-scroll data-animation-time=\"250\" class=\"data-control-id-520690 bd-smoothscroll-3\"><a href=\"#\" class=\"data-control-id-2787 bd-backtotop-1 \">\n    <span class=\"bd-icon-67 bd-icon data-control-id-2786\"></span>\n</a></div>\n</body>\n</html>",
        "pageTemplate.html": "@{ _templateVersion = '1.0.659' }\n<!DOCTYPE html>\n<html dir=\"ltr\">\n<head>\n    \n\t<script>\n    var themeHasJQuery = !!window.jQuery;\n</script>\n<script type=\"text/javascript\" src=\"@(assets.js)/jquery.js?1.0.659\"></script>\n<script>\n    window._$ = jQuery.noConflict(themeHasJQuery);\n</script>\n    <meta name=\"viewport\" content=\"width=device-width, initial-scale=1.0\">\n<link rel=\"stylesheet\" href=\"@(assets.css)/bootstrap.css?1.0.659\" media=\"screen\" />\n<script type=\"text/javascript\" src=\"@(assets.js)/bootstrap.min.js?1.0.659\"></script>\n<!--[if lte IE 9]>\n<link rel=\"stylesheet\" href=\"@(assets.css)/layout.ie.css?1.0.659\">\n<script src=\"@(assets.js)/layout.ie.js?1.0.659\"></script>\n<![endif]-->\n<link class=\"data-control-id-9\" href='//fonts.googleapis.com/css?family=Open+Sans:300,300italic,regular,italic,600,600italic,700,700italic,800,800italic&subset=latin' rel='stylesheet' type='text/css'>\n<script type=\"text/javascript\" src=\"@(assets.js)/layout.core.js\"></script>\n<script src=\"@(assets.js)/CloudZoom.js?1.0.659\"></script>\n\t\n    <title>@(page.titleInBrowser)</title>\n\t<link rel=\"stylesheet\" href=\"@(assets.css)/style.css?1.0.659\">\n\t<script src=\"@(assets.js)/script.js?1.0.659\"></script>\n    <meta charset=\"utf-8\">\n    \n    \n    @if (page.customHead) { @(page.customHead) }\n    @if (page.customCss) { <style>@(page.customCss)</style> }\n</head>\n<body class=\"data-control-id-31 bootstrap bd-body-7  bd-pagebackground  bd-margins\">\n    <header class=\"data-control-id-936270 bd-headerarea-1 bd-margins\">\n        <div class=\"bd-containereffect-9 container-effect container data-control-id-2165547\">\n<h1 class=\"data-control-id-2165544 bd-textblock-28  bd-content-element\">\n    Enter your text here\n</h1>\n</div>\n\t\n\t\t<div class=\"bd-containereffect-21 container-effect container data-control-id-2165772\">\n<p class=\"data-control-id-2165770 bd-textblock-50  bd-content-element\">\n    Enter your text here\n</p>\n</div>\n\t\n\t\t<div class=\"bd-containereffect-22 container-effect container data-control-id-2165806\">\n<h1 class=\"data-control-id-2165804 bd-textblock-62  bd-content-element\">\n    Enter your text here\n</h1>\n</div>\n</header>\n\t\n\t\t<div class=\"data-control-id-2133718 bd-stretchtobottom-2 bd-stretch-to-bottom\" data-control-selector=\".bd-content-12\"><div class=\"data-control-id-369417 bd-content-12 \">\n    \n    <export:content>\n</div></div>\n\t\n\t\t<footer class=\"data-control-id-936277 bd-footerarea-1 bd-margins\">\n        <div class=\"data-control-id-2161590 bd-pagefooter-1\">\n    <div class=\"bd-container-inner\">\n        \n            <a href='http://www.themler.io/html-templates' target=\"_blank\">HTML Template</a> created with <a href='http://themler.io' target=\"_blank\">Themler</a>.\n    </div>\n</div>\n</footer>\n\t\n\t\t<div data-smooth-scroll data-animation-time=\"250\" class=\"data-control-id-520690 bd-smoothscroll-3\"><a href=\"#\" class=\"data-control-id-2787 bd-backtotop-1 \">\n    <span class=\"bd-icon-67 bd-icon data-control-id-2786\"></span>\n</a></div>\n</body>\n</html>",
        "productOverview.html": "@{ _templateVersion = '1.0.659' }\n<!DOCTYPE html>\n<html dir=\"ltr\">\n<head>\n    \n\t<script>\n    var themeHasJQuery = !!window.jQuery;\n</script>\n<script type=\"text/javascript\" src=\"@(assets.js)/jquery.js?1.0.659\"></script>\n<script>\n    window._$ = jQuery.noConflict(themeHasJQuery);\n</script>\n    <meta name=\"viewport\" content=\"width=device-width, initial-scale=1.0\">\n<link rel=\"stylesheet\" href=\"@(assets.css)/bootstrap.css?1.0.659\" media=\"screen\" />\n<script type=\"text/javascript\" src=\"@(assets.js)/bootstrap.min.js?1.0.659\"></script>\n<!--[if lte IE 9]>\n<link rel=\"stylesheet\" href=\"@(assets.css)/layout.ie.css?1.0.659\">\n<script src=\"@(assets.js)/layout.ie.js?1.0.659\"></script>\n<![endif]-->\n<link class=\"data-control-id-9\" href='//fonts.googleapis.com/css?family=Open+Sans:300,300italic,regular,italic,600,600italic,700,700italic,800,800italic&subset=latin' rel='stylesheet' type='text/css'>\n<script type=\"text/javascript\" src=\"@(assets.js)/layout.core.js\"></script>\n<script src=\"@(assets.js)/CloudZoom.js?1.0.659\"></script>\n\t\n    <title>@(page.titleInBrowser)</title>\n\t<link rel=\"stylesheet\" href=\"@(assets.css)/style.css?1.0.659\">\n\t<script src=\"@(assets.js)/script.js?1.0.659\"></script>\n    <meta charset=\"utf-8\">\n    \n    \n    @if (page.customHead) { @(page.customHead) }\n    @if (page.customCss) { <style>@(page.customCss)</style> }\n</head>\n<body class=\"data-control-id-25 bootstrap bd-body-4  bd-pagebackground  bd-margins\">\n    <header class=\"data-control-id-936270 bd-headerarea-1 bd-margins\">\n        <div class=\"bd-containereffect-9 container-effect container data-control-id-2165547\">\n<h1 class=\"data-control-id-2165544 bd-textblock-28  bd-content-element\">\n    Enter your text here\n</h1>\n</div>\n\t\n\t\t<div class=\"bd-containereffect-21 container-effect container data-control-id-2165772\">\n<p class=\"data-control-id-2165770 bd-textblock-50  bd-content-element\">\n    Enter your text here\n</p>\n</div>\n\t\n\t\t<div class=\"bd-containereffect-22 container-effect container data-control-id-2165806\">\n<h1 class=\"data-control-id-2165804 bd-textblock-62  bd-content-element\">\n    Enter your text here\n</h1>\n</div>\n</header>\n\t\n\t\t<div class=\"bd-containereffect-5 container-effect container data-control-id-340\">\n<div class=\"bd-contentlayout-4  bd-sheetstyles  data-control-id-342 bd-no-margins bd-margins\" >\n    <div class=\"bd-container-inner\">\n\n        <div class=\"bd-flex-vertical bd-stretch-inner bd-contentlayout-offset\">\n            \n            <div class=\"bd-flex-horizontal bd-flex-wide bd-no-margins\">\n                \n <aside class=\"bd-sidebararea-5-column data-control-id-1121259 bd-flex-vertical bd-flex-fixed\">\n    <div class=\"bd-sidebararea-5 bd-flex-wide  bd-contentlayout-offset\">\n        \n        \n        \n    </div>\n</aside>\n                <div class=\"bd-flex-vertical bd-flex-wide bd-no-margins\">\n                    \n\n                    <div class=\"data-control-id-1118937 bd-layoutitemsbox-19 bd-flex-wide bd-no-margins\">\n    <div class=\"data-control-id-54395 bd-content-5\">\n    \n    <export:content>\n</div>\n</div>\n\n                    \n                </div>\n                \n            </div>\n            \n        </div>\n\n    </div>\n</div></div>\n\t\n\t\t<footer class=\"data-control-id-936277 bd-footerarea-1 bd-margins\">\n        <div class=\"data-control-id-2161590 bd-pagefooter-1\">\n    <div class=\"bd-container-inner\">\n        \n            <a href='http://www.themler.io/html-templates' target=\"_blank\">HTML Template</a> created with <a href='http://themler.io' target=\"_blank\">Themler</a>.\n    </div>\n</div>\n</footer>\n\t\n\t\t<div data-smooth-scroll data-animation-time=\"250\" class=\"data-control-id-520690 bd-smoothscroll-3\"><a href=\"#\" class=\"data-control-id-2787 bd-backtotop-1 \">\n    <span class=\"bd-icon-67 bd-icon data-control-id-2786\"></span>\n</a></div>\n</body>\n</html>",
        "products.html": "@{ _templateVersion = '1.0.659' }\n<!DOCTYPE html>\n<html dir=\"ltr\">\n<head>\n    \n\t<script>\n    var themeHasJQuery = !!window.jQuery;\n</script>\n<script type=\"text/javascript\" src=\"@(assets.js)/jquery.js?1.0.659\"></script>\n<script>\n    window._$ = jQuery.noConflict(themeHasJQuery);\n</script>\n    <meta name=\"viewport\" content=\"width=device-width, initial-scale=1.0\">\n<link rel=\"stylesheet\" href=\"@(assets.css)/bootstrap.css?1.0.659\" media=\"screen\" />\n<script type=\"text/javascript\" src=\"@(assets.js)/bootstrap.min.js?1.0.659\"></script>\n<!--[if lte IE 9]>\n<link rel=\"stylesheet\" href=\"@(assets.css)/layout.ie.css?1.0.659\">\n<script src=\"@(assets.js)/layout.ie.js?1.0.659\"></script>\n<![endif]-->\n<link class=\"data-control-id-9\" href='//fonts.googleapis.com/css?family=Open+Sans:300,300italic,regular,italic,600,600italic,700,700italic,800,800italic&subset=latin' rel='stylesheet' type='text/css'>\n<script type=\"text/javascript\" src=\"@(assets.js)/layout.core.js\"></script>\n<script src=\"@(assets.js)/CloudZoom.js?1.0.659\"></script>\n\t\n    <title>@(page.titleInBrowser)</title>\n\t<link rel=\"stylesheet\" href=\"@(assets.css)/style.css?1.0.659\">\n\t<script src=\"@(assets.js)/script.js?1.0.659\"></script>\n    <meta charset=\"utf-8\">\n    \n    \n    @if (page.customHead) { @(page.customHead) }\n    @if (page.customCss) { <style>@(page.customCss)</style> }\n</head>\n<body class=\"data-control-id-19 bootstrap bd-body-3  bd-pagebackground  bd-margins\">\n    <header class=\"data-control-id-936270 bd-headerarea-1 bd-margins\">\n        <div class=\"bd-containereffect-9 container-effect container data-control-id-2165547\">\n<h1 class=\"data-control-id-2165544 bd-textblock-28  bd-content-element\">\n    Enter your text here\n</h1>\n</div>\n\t\n\t\t<div class=\"bd-containereffect-21 container-effect container data-control-id-2165772\">\n<p class=\"data-control-id-2165770 bd-textblock-50  bd-content-element\">\n    Enter your text here\n</p>\n</div>\n\t\n\t\t<div class=\"bd-containereffect-22 container-effect container data-control-id-2165806\">\n<h1 class=\"data-control-id-2165804 bd-textblock-62  bd-content-element\">\n    Enter your text here\n</h1>\n</div>\n</header>\n\t\n\t\t<div class=\"bd-contentlayout-3 bd-sheetstyles  data-control-id-330 bd-no-margins bd-margins\" >\n    <div class=\"bd-container-inner\">\n\n        <div class=\"bd-flex-vertical bd-stretch-inner bd-contentlayout-offset\">\n            \n            <div class=\"bd-flex-horizontal bd-flex-wide bd-no-margins\">\n                \n <aside class=\"bd-sidebararea-5-column data-control-id-1121259 bd-flex-vertical bd-flex-fixed\">\n    <div class=\"bd-sidebararea-5 bd-flex-wide  bd-contentlayout-offset\">\n        \n        \n        \n    </div>\n</aside>\n                <div class=\"bd-flex-vertical bd-flex-wide bd-no-margins\">\n                    \n\n                    <div class=\"data-control-id-1118924 bd-layoutitemsbox-17 bd-flex-wide bd-no-margins\">\n    <div class=\"data-control-id-54392 bd-content-4\">\n    \n    <export:content>\n</div>\n</div>\n\n                    \n                </div>\n                \n            </div>\n            \n        </div>\n\n    </div>\n</div>\n\t\n\t\t<footer class=\"data-control-id-936277 bd-footerarea-1 bd-margins\">\n        <div class=\"data-control-id-2161590 bd-pagefooter-1\">\n    <div class=\"bd-container-inner\">\n        \n            <a href='http://www.themler.io/html-templates' target=\"_blank\">HTML Template</a> created with <a href='http://themler.io' target=\"_blank\">Themler</a>.\n    </div>\n</div>\n</footer>\n\t\n\t\t<div data-smooth-scroll data-animation-time=\"250\" class=\"data-control-id-520690 bd-smoothscroll-3\"><a href=\"#\" class=\"data-control-id-2787 bd-backtotop-1 \">\n    <span class=\"bd-icon-67 bd-icon data-control-id-2786\"></span>\n</a></div>\n</body>\n</html>",
        "shoppingCartTemplate.html": "@{ _templateVersion = '1.0.659' }\n<!DOCTYPE html>\n<html dir=\"ltr\">\n<head>\n    \n\t<script>\n    var themeHasJQuery = !!window.jQuery;\n</script>\n<script type=\"text/javascript\" src=\"@(assets.js)/jquery.js?1.0.659\"></script>\n<script>\n    window._$ = jQuery.noConflict(themeHasJQuery);\n</script>\n    <meta name=\"viewport\" content=\"width=device-width, initial-scale=1.0\">\n<link rel=\"stylesheet\" href=\"@(assets.css)/bootstrap.css?1.0.659\" media=\"screen\" />\n<script type=\"text/javascript\" src=\"@(assets.js)/bootstrap.min.js?1.0.659\"></script>\n<!--[if lte IE 9]>\n<link rel=\"stylesheet\" href=\"@(assets.css)/layout.ie.css?1.0.659\">\n<script src=\"@(assets.js)/layout.ie.js?1.0.659\"></script>\n<![endif]-->\n<link class=\"data-control-id-9\" href='//fonts.googleapis.com/css?family=Open+Sans:300,300italic,regular,italic,600,600italic,700,700italic,800,800italic&subset=latin' rel='stylesheet' type='text/css'>\n<script type=\"text/javascript\" src=\"@(assets.js)/layout.core.js\"></script>\n<script src=\"@(assets.js)/CloudZoom.js?1.0.659\"></script>\n\t\n    <title>@(page.titleInBrowser)</title>\n\t<link rel=\"stylesheet\" href=\"@(assets.css)/style.css?1.0.659\">\n\t<script src=\"@(assets.js)/script.js?1.0.659\"></script>\n    <meta charset=\"utf-8\">\n    \n    \n    @if (page.customHead) { @(page.customHead) }\n    @if (page.customCss) { <style>@(page.customCss)</style> }\n</head>\n<body class=\"data-control-id-37 bootstrap bd-body-8  bd-pagebackground  bd-margins\">\n    <header class=\"data-control-id-936270 bd-headerarea-1 bd-margins\">\n        <div class=\"bd-containereffect-9 container-effect container data-control-id-2165547\">\n<h1 class=\"data-control-id-2165544 bd-textblock-28  bd-content-element\">\n    Enter your text here\n</h1>\n</div>\n\t\n\t\t<div class=\"bd-containereffect-21 container-effect container data-control-id-2165772\">\n<p class=\"data-control-id-2165770 bd-textblock-50  bd-content-element\">\n    Enter your text here\n</p>\n</div>\n\t\n\t\t<div class=\"bd-containereffect-22 container-effect container data-control-id-2165806\">\n<h1 class=\"data-control-id-2165804 bd-textblock-62  bd-content-element\">\n    Enter your text here\n</h1>\n</div>\n</header>\n\t\n\t\t<div class=\"bd-containereffect-10 container-effect container data-control-id-67790\">\n<div class=\"bd-contentlayout-8  bd-sheetstyles  data-control-id-384 bd-no-margins bd-margins\" >\n    <div class=\"bd-container-inner\">\n\n        <div class=\"bd-flex-vertical bd-stretch-inner bd-contentlayout-offset\">\n            \n <aside class=\"bd-sidebararea-6-column data-control-id-1121261 bd-flex-vertical bd-flex-fixed\">\n    <div class=\"bd-sidebararea-6 bd-flex-wide  bd-margins\">\n        \n        \n        \n    </div>\n</aside>\n            <div class=\"bd-flex-horizontal bd-flex-wide bd-no-margins\">\n                \n <aside class=\"bd-sidebararea-5-column data-control-id-1121259 bd-flex-vertical bd-flex-fixed\">\n    <div class=\"bd-sidebararea-5 bd-flex-wide  bd-contentlayout-offset\">\n        \n        \n        \n    </div>\n</aside>\n                <div class=\"bd-flex-vertical bd-flex-wide bd-no-margins\">\n                    \n\n                    <div class=\"data-control-id-1118964 bd-layoutitemsbox-23 bd-flex-wide bd-no-margins\">\n    <div class=\"data-control-id-54398 bd-content-8\">\n    \n    <export:content>\n</div>\n</div>\n\n                    \n                </div>\n                \n            </div>\n            \n        </div>\n\n    </div>\n</div></div>\n\t\n\t\t<footer class=\"data-control-id-936277 bd-footerarea-1 bd-margins\">\n        <div class=\"data-control-id-2161590 bd-pagefooter-1\">\n    <div class=\"bd-container-inner\">\n        \n            <a href='http://www.themler.io/html-templates' target=\"_blank\">HTML Template</a> created with <a href='http://themler.io' target=\"_blank\">Themler</a>.\n    </div>\n</div>\n</footer>\n\t\n\t\t<div data-smooth-scroll data-animation-time=\"250\" class=\"data-control-id-520690 bd-smoothscroll-3\"><a href=\"#\" class=\"data-control-id-2787 bd-backtotop-1 \">\n    <span class=\"bd-icon-67 bd-icon data-control-id-2786\"></span>\n</a></div>\n</body>\n</html>",
        "singlePostTemplate.html": "@{ _templateVersion = '1.0.659' }\n<!DOCTYPE html>\n<html dir=\"ltr\">\n<head>\n    \n\t<script>\n    var themeHasJQuery = !!window.jQuery;\n</script>\n<script type=\"text/javascript\" src=\"@(assets.js)/jquery.js?1.0.659\"></script>\n<script>\n    window._$ = jQuery.noConflict(themeHasJQuery);\n</script>\n    <meta name=\"viewport\" content=\"width=device-width, initial-scale=1.0\">\n<link rel=\"stylesheet\" href=\"@(assets.css)/bootstrap.css?1.0.659\" media=\"screen\" />\n<script type=\"text/javascript\" src=\"@(assets.js)/bootstrap.min.js?1.0.659\"></script>\n<!--[if lte IE 9]>\n<link rel=\"stylesheet\" href=\"@(assets.css)/layout.ie.css?1.0.659\">\n<script src=\"@(assets.js)/layout.ie.js?1.0.659\"></script>\n<![endif]-->\n<link class=\"data-control-id-9\" href='//fonts.googleapis.com/css?family=Open+Sans:300,300italic,regular,italic,600,600italic,700,700italic,800,800italic&subset=latin' rel='stylesheet' type='text/css'>\n<script type=\"text/javascript\" src=\"@(assets.js)/layout.core.js\"></script>\n<script src=\"@(assets.js)/CloudZoom.js?1.0.659\"></script>\n\t\n    <title>@(page.titleInBrowser)</title>\n\t<link rel=\"stylesheet\" href=\"@(assets.css)/style.css?1.0.659\">\n\t<script src=\"@(assets.js)/script.js?1.0.659\"></script>\n    <meta charset=\"utf-8\">\n    \n    \n    @if (page.customHead) { @(page.customHead) }\n    @if (page.customCss) { <style>@(page.customCss)</style> }\n</head>\n<body class=\"data-control-id-61 bootstrap bd-body-6  bd-pagebackground  bd-margins\">\n    <header class=\"data-control-id-936270 bd-headerarea-1 bd-margins\">\n        <div class=\"bd-containereffect-9 container-effect container data-control-id-2165547\">\n<h1 class=\"data-control-id-2165544 bd-textblock-28  bd-content-element\">\n    Enter your text here\n</h1>\n</div>\n\t\n\t\t<div class=\"bd-containereffect-21 container-effect container data-control-id-2165772\">\n<p class=\"data-control-id-2165770 bd-textblock-50  bd-content-element\">\n    Enter your text here\n</p>\n</div>\n\t\n\t\t<div class=\"bd-containereffect-22 container-effect container data-control-id-2165806\">\n<h1 class=\"data-control-id-2165804 bd-textblock-62  bd-content-element\">\n    Enter your text here\n</h1>\n</div>\n</header>\n\t\n\t\t<div class=\"data-control-id-370647 bd-content-15\">\n    \n    <export:content>\n</div>\n\t\n\t\t<footer class=\"data-control-id-936277 bd-footerarea-1 bd-margins\">\n        <div class=\"data-control-id-2161590 bd-pagefooter-1\">\n    <div class=\"bd-container-inner\">\n        \n            <a href='http://www.themler.io/html-templates' target=\"_blank\">HTML Template</a> created with <a href='http://themler.io' target=\"_blank\">Themler</a>.\n    </div>\n</div>\n</footer>\n\t\n\t\t<div data-smooth-scroll data-animation-time=\"250\" class=\"data-control-id-520690 bd-smoothscroll-3\"><a href=\"#\" class=\"data-control-id-2787 bd-backtotop-1 \">\n    <span class=\"bd-icon-67 bd-icon data-control-id-2786\"></span>\n</a></div>\n</body>\n</html>",
        "template404.html": "@{ _templateVersion = '1.0.659' }\n<!DOCTYPE html>\n<html dir=\"ltr\">\n<head>\n    \n\t<script>\n    var themeHasJQuery = !!window.jQuery;\n</script>\n<script type=\"text/javascript\" src=\"@(assets.js)/jquery.js?1.0.659\"></script>\n<script>\n    window._$ = jQuery.noConflict(themeHasJQuery);\n</script>\n    <meta name=\"viewport\" content=\"width=device-width, initial-scale=1.0\">\n<link rel=\"stylesheet\" href=\"@(assets.css)/bootstrap.css?1.0.659\" media=\"screen\" />\n<script type=\"text/javascript\" src=\"@(assets.js)/bootstrap.min.js?1.0.659\"></script>\n<!--[if lte IE 9]>\n<link rel=\"stylesheet\" href=\"@(assets.css)/layout.ie.css?1.0.659\">\n<script src=\"@(assets.js)/layout.ie.js?1.0.659\"></script>\n<![endif]-->\n<link class=\"data-control-id-9\" href='//fonts.googleapis.com/css?family=Open+Sans:300,300italic,regular,italic,600,600italic,700,700italic,800,800italic&subset=latin' rel='stylesheet' type='text/css'>\n<script type=\"text/javascript\" src=\"@(assets.js)/layout.core.js\"></script>\n<script src=\"@(assets.js)/CloudZoom.js?1.0.659\"></script>\n\t\n    <title>@(page.titleInBrowser)</title>\n\t<link rel=\"stylesheet\" href=\"@(assets.css)/style.css?1.0.659\">\n\t<script src=\"@(assets.js)/script.js?1.0.659\"></script>\n    <meta charset=\"utf-8\">\n    \n    \n    @if (page.customHead) { @(page.customHead) }\n    @if (page.customCss) { <style>@(page.customCss)</style> }\n</head>\n<body class=\"data-control-id-43 bootstrap bd-body-9  bd-pagebackground  bd-margins\">\n    <header class=\"data-control-id-936270 bd-headerarea-1 bd-margins\">\n        <div class=\"bd-containereffect-9 container-effect container data-control-id-2165547\">\n<h1 class=\"data-control-id-2165544 bd-textblock-28  bd-content-element\">\n    Enter your text here\n</h1>\n</div>\n\t\n\t\t<div class=\"bd-containereffect-21 container-effect container data-control-id-2165772\">\n<p class=\"data-control-id-2165770 bd-textblock-50  bd-content-element\">\n    Enter your text here\n</p>\n</div>\n\t\n\t\t<div class=\"bd-containereffect-22 container-effect container data-control-id-2165806\">\n<h1 class=\"data-control-id-2165804 bd-textblock-62  bd-content-element\">\n    Enter your text here\n</h1>\n</div>\n</header>\n\t\n\t\t<div class=\"data-control-id-1243607 bd-stretchtobottom-5 bd-stretch-to-bottom\" data-control-selector=\".bd-contentlayout-9\">\n<div class=\"bd-contentlayout-9  bd-sheetstyles  data-control-id-1147787 bd-no-margins bd-margins\" >\n    <div class=\"bd-container-inner\">\n\n        <div class=\"bd-flex-vertical bd-stretch-inner bd-contentlayout-offset\">\n            \n <aside class=\"bd-sidebararea-6-column data-control-id-1121261 bd-flex-vertical bd-flex-fixed\">\n    <div class=\"bd-sidebararea-6 bd-flex-wide  bd-margins\">\n        \n        \n        \n    </div>\n</aside>\n            <div class=\"bd-flex-horizontal bd-flex-wide bd-no-margins\">\n                \n <aside class=\"bd-sidebararea-5-column data-control-id-1121259 bd-flex-vertical bd-flex-fixed\">\n    <div class=\"bd-sidebararea-5 bd-flex-wide  bd-contentlayout-offset\">\n        \n        \n        \n    </div>\n</aside>\n                <div class=\"bd-flex-vertical bd-flex-wide bd-no-margins\">\n                    \n\n                    <div class=\"data-control-id-1147785 bd-layoutitemsbox-2 bd-flex-wide bd-no-margins\">\n    <div class=\"data-control-id-1248998 bd-text404-12 bd-tagstyles bd-no-margins shape-only\">\n    Sorry page not found. HTTP error 404.\n</div>\n</div>\n\n                    \n                </div>\n                \n            </div>\n            \n        </div>\n\n    </div>\n</div></div>\n\t\n\t\t<footer class=\"data-control-id-936277 bd-footerarea-1 bd-margins\">\n        <div class=\"data-control-id-2161590 bd-pagefooter-1\">\n    <div class=\"bd-container-inner\">\n        \n            <a href='http://www.themler.io/html-templates' target=\"_blank\">HTML Template</a> created with <a href='http://themler.io' target=\"_blank\">Themler</a>.\n    </div>\n</div>\n</footer>\n</body>\n</html>"
    }
}